{
  "roi": [
    208,
    155,
    275,
    483
  ],
  "target_line_p1": [
    310,
    613
  ],
  "target_line_p2": [
    313,
    173
  ],
  "pixels_per_meter": 352.0227265390688,
  "ground_depth": 0.5,
  "depth_tolerance": 0.05,
  "forward_angle_rad": -1.5639782506274118
}